id,email,password,name,result
1,test1@email.com,sha256$Y4VVANHz$ff31802fabf2b3bd5032a84802f3c870abab88d8c32014180498e24e27e097e6,test1,1507.00354003906
2,,sha256$zLjJeLvK$f89d185ef47b1ab1dcfac5f509f1cdcd709a5c707980ea8dc363b2b36eb3cc7b,test1,1507.00170898437
3,,sha256$F0yQgBmv$c4a928183f798dab5212f6887bf06f54fb636ce252c8afb04fe9b699e1b84ac8,test1,1507.00170898437
4,,sha256$QmsQAtpc$0b4e470dd7de4013998e38bac4b48b7207e46295290aac5d8da0a9cf8f4c0280,test1,1507.00170898437
5,admin@email.com,sha256$e6vtSRVo$0edc4b9fb4b64bc592750c744e6224a8c1664d8d92e19a528bd1ac13ba720a5a,admin,
